<?xml version="1.0" encoding="UTF-8"?>
<!DOCTYPE configuration PUBLIC "-//mybatis.org//DTD Config 3.0//EN" 
"http://mybatis.org/dtd/mybatis-3-config.dtd">
<configuration>
	<settings>
        <setting name="logImpl" value="STDOUT_LOGGING" />
        <setting name="callSettersOnNulls" value="true" />
    </settings> 
    
	<!-- 实体类,简称 -设置别名 -->
	<typeAliases>
		<typeAlias alias="User" type="com.sipimo.entity.User" />
	</typeAliases>
	
	<plugins>
   		<plugin interceptor="com.github.pagehelper.PageInterceptor"></plugin>
   	</plugins>
	<!-- 实体接口映射资源 -->
	<!--
		说明：如果xxMapper.xml配置文件放在和xxMapper.java统一目录下，mappers也可以省略，因为org.mybatis.spring.mapper.MapperFactoryBean默认会去查找与xxMapper.java相同目录和名称的xxMapper.xml
	-->
	<mappers>
		<mapper resource="com/sipimo/competence/sqlmap/CompetenceSqlMap.xml" />
		<mapper resource="com/sipimo/configuration/sqlmap/ConfigurationSqlMap.xml" />
		<mapper resource="com/sipimo/cost/sqlmap/CostSqlMap.xml" />
		<mapper resource="com/sipimo/inventory/sqlmap/InventorySqlMap.xml" />
		<mapper resource="com/sipimo/mobile/sqlmap/AppletsSqlMap.xml" />
		<mapper resource="com/sipimo/personnel/sqlmap/PersonnelSqlMap.xml" />
	</mappers>
</configuration>  