<?xml version="1.0" encoding="UTF-8" ?>
<roles>
    <!-- 管理员 -->
    <role id="1" name="admin">
    	<page id="0" name="首页">
            <!-- 页签 -->
            <!-- 1:增加，2：删除，3：修改，4：查看，5：导入，6：导出 -->
            <operation id="0" name="首页" dispatcherId="">4,5,6</operation>
        </page>
        <!-- 功能项 -->
        <page id="1" name="店铺管理">
            <!-- 页签 -->
            <!-- 1:增加，2：删除，3：修改，4：查看，5：导入，6：导出 -->
            <operation id="0" name="店铺管理" dispatcherId="">1,2,3,4</operation>
        </page>
        <!-- 功能项 -->
        <page id="2" name="库存管理">
            <!-- 页签 -->
            <!-- 1:增加，2：删除，3：修改，4：查看 -->
            <operation id="0" name="入库" dispatcherId="">1,3,4,5,6</operation>
            <operation id="1" name="调拨" dispatcherId="">1,3,4,5,6</operation>
            <operation id="2" name="销售记录" dispatcherId="">1,3,4,5,6</operation>
            <operation id="3" name="库存信息" dispatcherId="">4</operation>
        </page>
        <!-- 功能项 -->
        <page id="3" name="人事管理">
            <!-- 页签 -->
            <!-- 1:增加，2：删除，3：修改，4：查看 -->
            <operation id="0" name="人事信息" dispatcherId="">1,3,4,6</operation>
            <operation id="1" name="离职办理" dispatcherId="">1,4</operation>
        </page>
        <page id="4" name="开支管理">
            <!-- 页签 -->
            <!-- 1:增加，2：删除，3：修改，4：查看 -->
            <operation id="0" name="开支管理" dispatcherId="">1,3,4</operation>
        </page>
        <page id="5" name="商品管理">
            <!-- 页签 -->
            <!-- 1:增加，2：删除，3：修改，4：查看 -->
            <operation id="0" name="商品管理" dispatcherId="">1,2,3,4,6</operation>
        </page>
        <page id="6" name="统计分析">
            <!-- 页签 -->
            <!-- 1:增加，2：删除，3：修改，4：查看 -->
            <operation id="0" name="公司营销" dispatcherId="">4,6</operation>
            <operation id="1" name="店铺营销" dispatcherId="">4,6</operation>
            <operation id="2" name="个人营销" dispatcherId="">4,6</operation>
            <operation id="3" name="AR记录" dispatcherId="">3,4,6</operation>
            <operation id="4" name="开支统计" dispatcherId="">4,6</operation>
        </page>
        <page id="7" name="配置管理">
            <!-- 页签 -->
            <!-- 1:增加，2：删除，3：修改，4：查看 -->
            <operation id="0" name="绩效管理" dispatcherId="">4,5,6</operation>
            <operation id="1" name="店铺目标值" dispatcherId="">4,5,6</operation>
            <operation id="2" name="店铺等级" dispatcherId="">3,4</operation>
            <operation id="3" name="商品折扣配置" dispatcherId="">3,4</operation>
        </page>
    </role>
    <role id="2" name="店长/店员">
    	<page id="0" name="首页">
            <!-- 页签 -->
            <!-- 1:增加，2：删除，3：修改，4：查看，5：导入，6：导出 -->
            <operation id="0" name="首页" dispatcherId="">4</operation>
        </page>
    </role>
    <role id="3" name="人事">
    	<page id="0" name="首页">
            <!-- 页签 -->
            <!-- 1:增加，2：删除，3：修改，4：查看，5：导入，6：导出 -->
            <operation id="0" name="首页" dispatcherId="">4</operation>
        </page>
    	<page id="3" name="人事管理">
            <!-- 页签 -->
            <!-- 1:增加，2：删除，3：修改，4：查看 -->
            <operation id="0" name="人事信息" dispatcherId="">1,2,3,4</operation>
            <operation id="1" name="离职办理" dispatcherId="">1,2,3,4</operation>
        </page>
    </role>
    <role id="4" name="区域主管">
    	<page id="0" name="首页">
            <!-- 页签 -->
            <!-- 1:增加，2：删除，3：修改，4：查看，5：导入，6：导出 -->
            <operation id="0" name="首页" dispatcherId="">4</operation>
        </page>
    	<page id="1" name="店铺管理">
            <!-- 页签 -->
            <!-- 1:增加，2：删除，3：修改，4：查看，5：导入，6：导出 -->
            <operation id="0" name="店铺管理" dispatcherId="">4</operation>
        </page>
        <!-- 功能项 -->
        <page id="2" name="库存管理">
            <!-- 页签 -->
            <!-- 1:增加，2：删除，3：修改，4：查看 -->
            <operation id="0" name="入库" dispatcherId="">4</operation>
            <operation id="1" name="调拨" dispatcherId="">4</operation>
            <operation id="2" name="销售记录" dispatcherId="">4</operation>
        </page>
        <!-- 功能项 -->
        <page id="3" name="人事管理">
            <!-- 页签 -->
            <!-- 1:增加，2：删除，3：修改，4：查看 -->
            <operation id="0" name="人事信息" dispatcherId="">4</operation>
            <operation id="1" name="离职办理" dispatcherId="">4</operation>
        </page>
    </role>
    <role id="5" name="操作员">
    	<page id="0" name="首页">
            <!-- 页签 -->
            <!-- 1:增加，2：删除，3：修改，4：查看，5：导入，6：导出 -->
            <operation id="0" name="首页" dispatcherId="">4</operation>
        </page>
    	<page id="1" name="店铺管理">
            <!-- 页签 -->
            <!-- 1:增加，2：删除，3：修改，4：查看，5：导入，6：导出 -->
            <operation id="0" name="店铺管理" dispatcherId="">1,4</operation>
        </page>
        <!-- 功能项 -->
        <page id="2" name="库存管理">
            <!-- 页签 -->
            <!-- 1:增加，2：删除，3：修改，4：查看 -->
            <operation id="0" name="入库" dispatcherId="">1,4</operation>
            <operation id="1" name="调拨" dispatcherId="">1,4</operation>
        </page>
        <page id="4" name="开支管理">
            <!-- 页签 -->
            <!-- 1:增加，2：删除，3：修改，4：查看 -->
            <operation id="0" name="开支管理" dispatcherId="">1,4</operation>
        </page>
        <page id="5" name="商品管理">
            <!-- 页签 -->
            <!-- 1:增加，2：删除，3：修改，4：查看 -->
            <operation id="0" name="商品管理" dispatcherId="">1,4</operation>
        </page>
    </role>
</roles>