<?xml version="1.0" encoding="UTF-8"?>
<beans xmlns="http://www.springframework.org/schema/beans"
	xmlns:xsi="http://www.w3.org/2001/XMLSchema-instance"
	xmlns:p="http://www.springframework.org/schema/p"
	xmlns:context="http://www.springframework.org/schema/context"
	xmlns:mvc="http://www.springframework.org/schema/mvc"
	xsi:schemaLocation="http://www.springframework.org/schema/beans
http://www.springframework.org/schema/beans/spring-beans-4.3.xsd
http://www.springframework.org/schema/context
http://www.springframework.org/schema/context/spring-context-4.3.xsd
http://www.springframework.org/schema/mvc
http://www.springframework.org/schema/mvc/spring-mvc-4.3.xsd">
	<!-- 注解驱动 -->
	<mvc:annotation-driven />
	<mvc:default-servlet-handler />
	<!-- 描述conctroller <context:component-scan base-package="com.sipimo" /> -->
	<context:component-scan
		base-package="com.sipimo">
		<context:include-filter type="annotation"
			expression="org.springframework.stereotype.Controller" />
		<context:exclude-filter type="annotation"
			expression="org.springframework.stereotype.Service" />
	</context:component-scan>

	<!-- 视图解释器 -->
	<bean
		class="org.springframework.web.servlet.view.InternalResourceViewResolver">
		<!-- 前缀 -->
		<property name="prefix" value="/WEB-INF/pages/view/" />
		<!-- 后缀 -->
		<property name="suffix" value=".jsp" />
	</bean>
	<!-- 定义图片解释器 -->
	<bean id="multipartResolver"
		class="org.springframework.web.multipart.commons.CommonsMultipartResolver">
		<!-- 设置默认编码 -->
		<property name="defaultEncoding" value="utf-8"></property>
		<!-- 上传图片最大大小5M -->
		<property name="maxUploadSize" value="52424400"></property>
	</bean>
	<mvc:interceptors>
		<mvc:interceptor>
			<mvc:mapping path="/**" />
			<mvc:exclude-mapping path="/**/common/login" />
			<mvc:exclude-mapping path="/**/common/register" />
			<mvc:exclude-mapping path="/**/pages/css/**" />
			<mvc:exclude-mapping path="/**/pages/fonts/**" />
			<mvc:exclude-mapping path="/**/pages/img/**" />
			<mvc:exclude-mapping path="/**/pages/js/**" />
			<bean class="com.sipimo.utils.AuthInterceptor"></bean>
		</mvc:interceptor>
	</mvc:interceptors>
</beans>