<?xml version="1.0" encoding="UTF-8"?>
<beans xmlns="http://www.springframework.org/schema/beans"
        xmlns:xsi="http://www.w3.org/2001/XMLSchema-instance"
        xmlns:p="http://www.springframework.org/schema/p"
        xmlns:context="http://www.springframework.org/schema/context"
        xmlns:aop="http://www.springframework.org/schema/aop"
        xmlns:tx="http://www.springframework.org/schema/tx"
        xmlns:jaxws="http://cxf.apache.org/jaxws"
        xsi:schemaLocation="http://www.springframework.org/schema/beans
        http://www.springframework.org/schema/beans/spring-beans-4.3.xsd
        http://www.springframework.org/schema/context
        http://www.springframework.org/schema/context/spring-context-4.3.xsd
        http://www.springframework.org/schema/aop
        http://www.springframework.org/schema/aop/spring-aop-4.3.xsd
        http://www.springframework.org/schema/tx
        http://www.springframework.org/schema/tx/spring-tx-4.3.xsd
        http://www.springframework.org/schema/mvc
		http://www.springframework.org/schema/mvc/spring-mvc-4.3.xsd
		http://cxf.apache.org/jaxws
		http://cxf.apache.org/schemas/jaxws.xsd">
        
        <!-- 引入jdbc配置文件 -->
         <context:property-placeholder location="/WEB-INF/conf/jdbc.properties"/>
        
        <bean id="dataSource" class="org.springframework.jdbc.datasource.DriverManagerDataSource">
            <property name="driverClassName" value="${jdbc.driverClassName}"/>
			<property name="url" value="${jdbc.url}"/>
			<property name="username" value="${jdbc.username}"/>
			<property name="password" value="${jdbc.password}"/>
        </bean>
    
    <!-- sqlSessionFactory配置 -->
    <bean id="sqlSessionFactory" class="org.mybatis.spring.SqlSessionFactoryBean">
        <!-- 配置数据源 -->
        <property name="dataSource" ref="dataSource"/>
        <!-- 扫描mybatis全局文件 -->
        <property name="configLocation" value="/WEB-INF/conf/mybatis/SqlMapConfig.xml"/>
        
    </bean>
    
    <!-- 扫描mapper接口文件-->
    <bean class="org.mybatis.spring.mapper.MapperScannerConfigurer">
        <property name="annotationClass" value="org.springframework.stereotype.Repository" />
        <property name="basePackage" value="com.sipimo.*.mapper"/>
    </bean>
    
    <!-- 定义事务管理器 -->
    <bean id="transactionManager"
        class="org.springframework.jdbc.datasource.DataSourceTransactionManager">
        <property name="dataSource" ref="dataSource" />
    </bean>
    
    <bean id="xmlUtils" class="com.sipimo.utils.XmlUtils"/>
 
    <!-- 定义事务策略 -->
    <tx:annotation-driven transaction-manager="transactionManager" />
    <context:component-scan base-package="com.sipimo">
	    <context:exclude-filter type="annotation" expression="org.springframework.stereotype.Controller" />
	</context:component-scan>
</beans>